task,step,category,outcome,trigger_why,screenshot_showed,accurate,added_info_beyond_DOM,next_action,mechanism_note
Booking--0,7,A_overlay,failed,Multiple attempts to find and interact with the destination input field have not resulted in typing Mexico. The page content hasn't changed across 5 consecutive actions. Verdict: Failure - need a different approach.,"Genius ""Sign in, save money"" centered modal over booking homepage",True,True,click,Vision correctly revealed occluding modal the DOM showed under (clicks were hitting popup). Dismissable but only FIRST blocker -> task still failed downstream (date-picker/URL-nav).
Booking--17,1,A_overlay,failed,Navigated to booking.com successfully. Verdict: Success,"Genius ""Sign in, save money"" centered modal over booking homepage",True,True,click|click,Vision correctly revealed occluding modal the DOM showed under (clicks were hitting popup). Dismissable but only FIRST blocker -> task still failed downstream (date-picker/URL-nav).
Booking--2,1,A_overlay,failed,Successfully navigated to booking.com. Verdict: Success,"Genius ""Sign in, save money"" centered modal over booking homepage",True,True,click,Vision correctly revealed occluding modal the DOM showed under (clicks were hitting popup). Dismissable but only FIRST blocker -> task still failed downstream (date-picker/URL-nav).
Booking--20,5,A_overlay,failed,The find_elements actions found the destination input but didn't actually interact with it. The page is loaded but I need to directly click and type into the search field. Verdict: Partial success.,"Genius ""Sign in, save money"" centered modal over booking homepage",True,True,click,Vision correctly revealed occluding modal the DOM showed under (clicks were hitting popup). Dismissable but only FIRST blocker -> task still failed downstream (date-picker/URL-nav).
Booking--25,2,A_overlay,failed,"The click on ""Skip to main content"" was not the intended action - I needed to click on the destination search field. Verdict: Failure","Genius ""Sign in, save money"" centered modal over booking homepage",True,True,click|click,Vision correctly revealed occluding modal the DOM showed under (clicks were hitting popup). Dismissable but only FIRST blocker -> task still failed downstream (date-picker/URL-nav).
Booking--30,7,A_overlay,failed,"Typed ""London"" in the destination field via evaluate. Verdict: Success (evaluate confirmed ""typed London"")","Genius ""Sign in, save money"" centered modal over booking homepage",True,True,click,Vision correctly revealed occluding modal the DOM showed under (clicks were hitting popup). Dismissable but only FIRST blocker -> task still failed downstream (date-picker/URL-nav).
Booking--32,2,A_overlay,failed,"The click on ""Skip to main content"" didn't navigate to the search form properly. Need to find and click the destination input field.","Genius ""Sign in, save money"" centered modal over booking homepage",True,True,click|click,Vision correctly revealed occluding modal the DOM showed under (clicks were hitting popup). Dismissable but only FIRST blocker -> task still failed downstream (date-picker/URL-nav).
Booking--38,5,A_overlay,failed,The page is loaded but I haven't been able to interact with the search form yet. The interactive elements don't show the search input fields with indexes. Verdict: Need to take screenshot to find the correct elements.,"Genius ""Sign in, save money"" centered modal over booking homepage",True,True,click,Vision correctly revealed occluding modal the DOM showed under (clicks were hitting popup). Dismissable but only FIRST blocker -> task still failed downstream (date-picker/URL-nav).
Booking--39,1,A_overlay,failed,Page loaded successfully at booking.com. Verdict: Success,"Genius ""Sign in, save money"" centered modal over booking homepage",True,True,click,Vision correctly revealed occluding modal the DOM showed under (clicks were hitting popup). Dismissable but only FIRST blocker -> task still failed downstream (date-picker/URL-nav).
Cambridge Dictionary--19,3,A_overlay,failed,Clicked the Translate button but a reCAPTCHA challenge appeared. The browser should handle this automatically.,"reCAPTCHA ""select all images with a fire hydrant"" grid",True,True,wait|screenshot,Vision accurate. Unsolvable: captcha. System prompt falsely promises auto-solve.
Cambridge Dictionary--19,4,A_overlay,failed,The reCAPTCHA challenge is still showing - it hasn't been auto-solved yet. The fire hydrant image challenge is visible. Need to wait more or try to handle it.,"reCAPTCHA ""select all images with a fire hydrant"" grid",True,True,search_page,Vision accurate. Unsolvable: captcha. System prompt falsely promises auto-solve.
Huggingface--6,5,A_overlay,failed,"Clicked the Generate button, but the result shows a login prompt: ""Please login with your Hugging Face account to run the widgets."" The Inference API requires authentication. Verdict: Failure - login required.","""Please login with your hugging face account / Create a free account"" wall on Inference widget",True,True,navigate,Vision accurate. Unsolvable: needs credentials.
Huggingface--6,8,A_overlay,failed,Switched back to the model page tab. The page shows the Inference API section with input fields and a login wall at the bottom. Verdict: Success - back on model page.,"""Please login with your hugging face account / Create a free account"" wall on Inference widget",True,True,click,Vision accurate. Unsolvable: needs credentials.
Apple--9,21,B_nav_failed,failed,"The screenshot shows the iPhone 17 Pro purchase page with ""Pick up from Store"" visible in the top right and in the summary section. The Continue button is clearly visible as a blue button. Previous clicks on divs haven't","Booking page: header+footer/skeleton, no hotel-result cards",True,False,screenshot,REDUNDANT: DOM already showed no results. Root cause: direct-URL nav to Booking results redirects to homepage.
Booking--11,5,B_nav_failed,failed,Navigated to search results URL but the page appears to be loading skeleton content. Verdict: Uncertain,"Booking page: header+footer/skeleton, no hotel-result cards",True,False,navigate,REDUNDANT: DOM already showed no results. Root cause: direct-URL nav to Booking results redirects to homepage.
Booking--14,6,B_nav_failed,failed,The page appears to be loading skeleton content - the search results haven't loaded yet. Verdict: Uncertain,"Booking page: header+footer/skeleton, no hotel-result cards",True,False,navigate,REDUNDANT: DOM already showed no results. Root cause: direct-URL nav to Booking results redirects to homepage.
Booking--15,11,B_nav_failed,failed,The page appears to be loading/showing skeleton content after clicking the 5 stars filter. The search results haven't fully loaded yet. Verdict: Uncertain - need to wait and check.,"Booking page: header+footer/skeleton, no hotel-result cards",True,False,navigate,REDUNDANT: DOM already showed no results. Root cause: direct-URL nav to Booking results redirects to homepage.
Booking--16,11,B_nav_failed,failed,The page appears to be loading skeleton/placeholder content - the search results haven't loaded yet. The URL shows the correct parameters but the page content is mostly footer links. Verdict: Page still loading.,"Booking page: header+footer/skeleton, no hotel-result cards",True,False,navigate,REDUNDANT: DOM already showed no results. Root cause: direct-URL nav to Booking results redirects to homepage.
Booking--17,13,B_nav_failed,failed,Clicked Search button but the page appears to be loading (empty DOM). Verdict: Uncertain - need to wait for page to load.,"Booking page: header+footer/skeleton, no hotel-result cards",True,False,navigate,REDUNDANT: DOM already showed no results. Root cause: direct-URL nav to Booking results redirects to homepage.
Booking--2,17,B_nav_failed,failed,Navigated to the search URL but the page appears to be loading skeleton content - the search results haven't loaded yet. Verdict: Page still loading.,"Booking page: header+footer/skeleton, no hotel-result cards",True,False,navigate,REDUNDANT: DOM already showed no results. Root cause: direct-URL nav to Booking results redirects to homepage.
Booking--20,11,B_nav_failed,failed,The page navigated to booking.com search results but appears to be showing skeleton/placeholder content (still loading). The search results haven't loaded yet. Verdict: Uncertain - page still loading.,"Booking page: header+footer/skeleton, no hotel-result cards",True,False,click|input,REDUNDANT: DOM already showed no results. Root cause: direct-URL nav to Booking results redirects to homepage.
Booking--21,22,B_nav_failed,failed,The page is still showing skeleton/footer content without actual hotel results. The URL navigation approach keeps failing - the page only shows footer links and the search form with wrong dates. Verdict: Failure.,"Booking page: header+footer/skeleton, no hotel-result cards",True,False,click|input,REDUNDANT: DOM already showed no results. Root cause: direct-URL nav to Booking results redirects to homepage.
Booking--23,2,B_nav_failed,failed,The page navigated to booking.com search results but appears to be showing skeleton/placeholder content still loading. Verdict: Uncertain - need to wait for page to load.,"Booking page: header+footer/skeleton, no hotel-result cards",True,False,navigate,REDUNDANT: DOM already showed no results. Root cause: direct-URL nav to Booking results redirects to homepage.
Booking--23,4,B_nav_failed,failed,The navigation to the search results URL appears to have loaded the page but it's showing skeleton/placeholder content or the footer - the search results are not visible. Verdict: Failure - page didn't load search result,"Booking page: header+footer/skeleton, no hotel-result cards",True,False,click,REDUNDANT: DOM already showed no results. Root cause: direct-URL nav to Booking results redirects to homepage.
Booking--24,7,B_nav_failed,failed,The navigation to Barcelona search results URL seems to have failed - the page is showing skeleton content or just the footer/navigation elements without actual search results. Verdict: Failure,"Booking page: header+footer/skeleton, no hotel-result cards",True,False,navigate,REDUNDANT: DOM already showed no results. Root cause: direct-URL nav to Booking results redirects to homepage.
Booking--27,5,B_nav_failed,failed,The URL navigation to search results page seems to have failed - the page is showing skeleton content or footer links rather than hotel results. Verdict: Failure,"Booking page: header+footer/skeleton, no hotel-result cards",True,False,click,REDUNDANT: DOM already showed no results. Root cause: direct-URL nav to Booking results redirects to homepage.
Booking--29,2,B_nav_failed,failed,The page navigated to search results but appears to be showing skeleton/placeholder content still loading. The URL contains search parameters but the results aren't visible yet.,"Booking page: header+footer/skeleton, no hotel-result cards",True,False,click|input,REDUNDANT: DOM already showed no results. Root cause: direct-URL nav to Booking results redirects to homepage.
Booking--29,8,B_nav_failed,failed,The page is showing skeleton/footer content instead of search results - the URL navigation didn't load properly. Verdict: Failure,"Booking page: header+footer/skeleton, no hotel-result cards",True,False,click|input,REDUNDANT: DOM already showed no results. Root cause: direct-URL nav to Booking results redirects to homepage.
Booking--29,20,B_nav_failed,failed,The navigation to the search results URL failed again - the page shows only footer/skeleton content instead of actual search results. Verdict: Failure,"Booking page: header+footer/skeleton, no hotel-result cards",True,False,click,REDUNDANT: DOM already showed no results. Root cause: direct-URL nav to Booking results redirects to homepage.
Booking--29,26,B_nav_failed,failed,"The search was executed but there's an alert saying ""Sorry, reservations for more than 30 nights aren't possible."" The page is showing skeleton/footer content again. Verdict: Failure - the date range is too long for book","Booking page: header+footer/skeleton, no hotel-result cards",True,False,click|click,REDUNDANT: DOM already showed no results. Root cause: direct-URL nav to Booking results redirects to homepage.
Booking--3,20,B_nav_failed,failed,The page is showing skeleton/placeholder content - the search results didn't load properly. The URL has the right parameters but the page shows only footer content. Verdict: Failure,"Booking page: header+footer/skeleton, no hotel-result cards",True,False,click|input,REDUNDANT: DOM already showed no results. Root cause: direct-URL nav to Booking results redirects to homepage.
Booking--30,14,B_nav_failed,failed,The page loaded but shows only the footer/skeleton content - the search results are not visible. The URL navigation didn't produce results. Verdict: Failure,"Booking page: header+footer/skeleton, no hotel-result cards",True,False,click,REDUNDANT: DOM already showed no results. Root cause: direct-URL nav to Booking results redirects to homepage.
Booking--31,17,B_nav_failed,failed,The page is still showing skeleton/footer content without actual search results loading. The URL navigation keeps resulting in an empty page. Verdict: Failure,"Booking page: header+footer/skeleton, no hotel-result cards",True,False,click,REDUNDANT: DOM already showed no results. Root cause: direct-URL nav to Booking results redirects to homepage.
Booking--32,9,B_nav_failed,failed,The navigation to the search results URL seems to have loaded a page but it appears to be showing skeleton/placeholder content or the footer only - the search results are not visible. The page may still be loading or the,"Booking page: header+footer/skeleton, no hotel-result cards",True,False,click|input,REDUNDANT: DOM already showed no results. Root cause: direct-URL nav to Booking results redirects to homepage.
Booking--33,3,B_nav_failed,failed,Navigated to the Help Center page but it seems to be showing skeleton/placeholder content. The page has loaded but shows mostly footer content. Verdict: Partial success - on Help Center but need to find cancellation ques,"Booking page: header+footer/skeleton, no hotel-result cards",True,False,navigate,REDUNDANT: DOM already showed no results. Root cause: direct-URL nav to Booking results redirects to homepage.
Booking--33,6,B_nav_failed,failed,Navigated to the Help Center page but it's showing skeleton/placeholder content with only footer visible. Verdict: Partial failure - page content not loading properly.,"Booking page: header+footer/skeleton, no hotel-result cards",True,False,navigate,REDUNDANT: DOM already showed no results. Root cause: direct-URL nav to Booking results redirects to homepage.
Booking--33,9,B_nav_failed,failed,Navigated back to the Help Center page but it's still showing skeleton/placeholder content with only footer visible. Verdict: Failure - page content not loading.,"Booking page: header+footer/skeleton, no hotel-result cards",True,False,search,REDUNDANT: DOM already showed no results. Root cause: direct-URL nav to Booking results redirects to homepage.
Booking--34,7,B_nav_failed,failed,"The page seems to have loaded but shows skeleton/placeholder content or the search didn't execute properly. The search form shows ""Thu, Jun 11 - Fri, Jun 12"" dates instead of the dates I specified. Verdict: Failure - the","Booking page: header+footer/skeleton, no hotel-result cards",True,False,click,REDUNDANT: DOM already showed no results. Root cause: direct-URL nav to Booking results redirects to homepage.
Booking--39,15,B_nav_failed,failed,"The JavaScript navigation to booking.com search results with past dates (Feb 24-26, 2025) is still showing only footer/skeleton content - the page is not loading search results properly. Verdict: Failure","Booking page: header+footer/skeleton, no hotel-result cards",True,False,click|input,REDUNDANT: DOM already showed no results. Root cause: direct-URL nav to Booking results redirects to homepage.
Booking--5,5,B_nav_failed,failed,Navigated to Bali search results URL but the page appears to be showing skeleton/placeholder content without actual results. Verdict: Uncertain,"Booking page: header+footer/skeleton, no hotel-result cards",True,False,navigate,REDUNDANT: DOM already showed no results. Root cause: direct-URL nav to Booking results redirects to homepage.
Booking--5,7,B_nav_failed,failed,The page navigated to the search results URL but appears to be showing only the footer/homepage content without actual search results. Verdict: Failure,"Booking page: header+footer/skeleton, no hotel-result cards",True,False,click,REDUNDANT: DOM already showed no results. Root cause: direct-URL nav to Booking results redirects to homepage.
Booking--6,10,B_nav_failed,failed,The page appears to be loading skeleton content - the search results haven't loaded properly. The URL was navigated to but the page shows mostly footer content without actual search results. Verdict: Uncertain - page may,"Booking page: header+footer/skeleton, no hotel-result cards",True,False,navigate,REDUNDANT: DOM already showed no results. Root cause: direct-URL nav to Booking results redirects to homepage.
Booking--6,12,B_nav_failed,failed,The page is showing only footer/skeleton content - the search results URL navigation failed again. The page is not loading search results properly. Verdict: Failure,"Booking page: header+footer/skeleton, no hotel-result cards",True,False,click,REDUNDANT: DOM already showed no results. Root cause: direct-URL nav to Booking results redirects to homepage.
Booking--7,11,B_nav_failed,failed,The page navigated to the search results URL but appears to be showing skeleton/placeholder content - the page is still loading or didn't load properly. The search results are not visible yet. Verdict: Uncertain - page m,"Booking page: header+footer/skeleton, no hotel-result cards",True,False,click|input,REDUNDANT: DOM already showed no results. Root cause: direct-URL nav to Booking results redirects to homepage.
Booking--8,19,B_nav_failed,failed,The page is still showing skeleton/footer content without search results - the URL navigation approach keeps failing. Verdict: Failure,"Booking page: header+footer/skeleton, no hotel-result cards",True,False,input,REDUNDANT: DOM already showed no results. Root cause: direct-URL nav to Booking results redirects to homepage.
Google Flights--14,19,B_nav_failed,failed,The page navigated to the search URL but appears to be showing the main Google Flights page rather than search results - it seems the search results didn't load properly. Verdict: Uncertain - need to verify.,"Booking page: header+footer/skeleton, no hotel-result cards",True,False,click,REDUNDANT: DOM already showed no results. Root cause: direct-URL nav to Booking results redirects to homepage.
Google Flights--37,18,B_nav_failed,failed,"The page loaded the Google Flights homepage again with the ""Where from?"" dialog open. The origin field is active and I typed ""Buenos Aires"" - need to wait for suggestions to appear. Verdict: Partial success - form is ope","Booking page: header+footer/skeleton, no hotel-result cards",True,False,click,REDUNDANT: DOM already showed no results. Root cause: direct-URL nav to Booking results redirects to homepage.
Booking--1,1,C_orient,failed,Page loaded successfully on booking.com. Verdict: Success,Site homepage / search form (step<=1 glance),True,False,input,Proactive orientation; DOM already described form. Mostly redundant.
Booking--13,1,C_orient,failed,Successfully navigated to booking.com. Verdict: Success,Site homepage / search form (step<=1 glance),True,False,click|input,Proactive orientation; DOM already described form. Mostly redundant.
Booking--15,1,C_orient,failed,Navigated to booking.com successfully. Verdict: Success,Site homepage / search form (step<=1 glance),True,False,input,Proactive orientation; DOM already described form. Mostly redundant.
Booking--21,1,C_orient,failed,Navigated to booking.com successfully. Verdict: Success,Site homepage / search form (step<=1 glance),True,False,click,Proactive orientation; DOM already described form. Mostly redundant.
Booking--24,1,C_orient,failed,Successfully navigated to booking.com. Verdict: Success,Site homepage / search form (step<=1 glance),True,False,click|input,Proactive orientation; DOM already described form. Mostly redundant.
Booking--31,1,C_orient,failed,Page loaded successfully at booking.com. Verdict: Success,Site homepage / search form (step<=1 glance),True,False,click|input,Proactive orientation; DOM already described form. Mostly redundant.
Booking--37,1,C_orient,success,Successfully navigated to booking.com. Verdict: Success,Site homepage / search form (step<=1 glance),True,False,input,Proactive orientation; DOM already described form. Mostly redundant.
Booking--9,1,C_orient,failed,Navigated to booking.com successfully. Verdict: Success,Site homepage / search form (step<=1 glance),True,False,input,Proactive orientation; DOM already described form. Mostly redundant.
Google Flights--14,14,D_verify_form,failed,"Successfully clicked August 1, 2026 as return date and clicked Done. The page appears to have loaded back to the main Google Flights page, suggesting the search may have been triggered or the form was reset. Verdict: Unc",Google Flights form with entered values,True,partial,click,Verification of field values before submit; legitimate but task failed downstream (date handling/reset).
Google Flights--28,12,D_verify_form,failed,"Clicked ""Done"" button to confirm dates. The page appears to have loaded back to the main Google Flights page. I need to verify the dates were set and then click Search. Verdict: Need to verify state.",Google Flights form with entered values,True,partial,click,Verification of field values before submit; legitimate but task failed downstream (date handling/reset).
Google Flights--28,25,D_verify_form,failed,"Clicked July 30 as departure and typed August 1 as return date, then clicked Done. The page appears to have loaded back to the homepage with the search form. Verdict: Partially successful - dates may have been set but ne",Google Flights form with entered values,True,partial,click,Verification of field values before submit; legitimate but task failed downstream (date handling/reset).
Google Flights--37,10,D_verify_form,failed,"Clicked ""Done"" button to confirm dates. The page appears to be loading flight search results. Verdict: Success (loading)",Google Flights form with entered values,True,partial,click,Verification of field values before submit; legitimate but task failed downstream (date handling/reset).
Huggingface--6,3,D_verify_form,failed,Successfully typed the sentences into the input fields. Now I need to verify the inputs are correct and click Generate.,Google Flights form with entered values,True,partial,click,Verification of field values before submit; legitimate but task failed downstream (date handling/reset).
Amazon--6,13,E_stuck,failed,"Applied Graco brand filter, but now the results show only 5 items and none appear to be strollers with 20,000+ reviews. The Graco filter narrowed results too much. Verdict: The Graco filter didn't help find the target st","Amazon results, Graco filter -> 5 items",True,False,click,Task-logic: filter too narrow / no matching stroller w/ 20k reviews.
Apple--14,2,E_stuck,failed,"Successfully navigated to the MacBook Pro 14-inch page. However, I notice the page shows M5 chips now, not M4. I need to find the M4 base model specifically.",MacBook Pro buy page shows M5 chips ($1699+),True,False,navigate,Outdated/impossible task (asked for M4 base; only M5 sold). Vision confirms absence.
Apple--17,12,E_stuck,failed,"The search for pickup/availability text returned 0 matches in the second attempt, which is inconsistent. The page appears to be a product page for Smart Folio for iPad (A16) – Sky at $79.00 with color options and ""Add to",Smart Folio product page; no Check Store Availability control,True,False,click,"Pickup option genuinely absent for this product. Task-feasibility, not perception."
Apple--9,9,E_stuck,failed,"Clicked on ""Pick up from Store"" div but it seems the page didn't navigate to a store selection modal. I can see ""Pick up from Store"" text in the browser state but need to find the actual clickable button. Verdict: Uncert","iPhone page, Continue button rendered PALE/disabled",True,partial,click,"Vision SHOWED disabled (greyed) Continue but agent read it as ""clearly visible blue button"" - interpretation gap. Real blocker: Continue has no enabled index until pickup radio selected."
Apple--9,11,E_stuck,failed,"Clicked on ""Pick up from Store"" div but it's unclear if the correct interactive element was clicked. Need to take a screenshot to verify current state. Verdict: Uncertain",,,,click|click,
Apple--9,13,E_stuck,failed,"Clicked on ""Pick up from Store"" divs multiple times but the page hasn't navigated to a store selection modal. The clicks on divs don't seem to be triggering the correct action. Verdict: Failure - need to find the actual ",,,,click|click,
Apple--9,15,E_stuck,failed,"Clicked on ""Pick up from Store"" div and then clicked at coordinates 978, 572, but the page state shows we're still on the same purchase page without a store selection modal appearing. Verdict: Uncertain - need to take a ",,,,click,
Apple--9,19,E_stuck,failed,"Found 71 button elements but still haven't clicked the Continue button successfully. The page shows ""Pick up from Store"" and ""Continue"" text but the Continue button doesn't have an index. Verdict: Need to find the actual",,,,screenshot,
Apple--9,20,E_stuck,failed,"The JavaScript evaluate successfully clicked ""Continue"" - the page has now changed with fewer elements visible (57 interactive elements vs many more before). Verdict: Success - the Continue button was clicked.",,,,evaluate|screenshot,
Apple--9,22,E_stuck,failed,"Clicked Continue button at index 29, but the page content appears unchanged - still showing the same iPhone 17 Pro purchase page. Verdict: Uncertain - need to verify current state.",,,,evaluate|screenshot,
Apple--9,23,E_stuck,failed,"The screenshot shows the iPhone 17 Pro purchase page with ""Pick up from Store"" and ""Continue"" button visible. Multiple attempts to click these elements have failed to trigger the store pickup flow. Verdict: Stuck in a lo",,,,evaluate|screenshot,
Apple--9,24,E_stuck,failed,Clicked Continue button at index 29 but the page content has not changed across 11 consecutive actions. Verdict: Stuck in a loop - the page is not responding to clicks on these elements.,,,,evaluate|evaluate,
Booking--11,21,E_stuck,failed,"Typed ""Downtown Chicago"" again and autocomplete is showing trending destinations (not Downtown Chicago suggestions yet). The page is still showing skeleton/footer content. Verdict: Partial - need to wait for autocomplete",,,,click|click,
Booking--22,20,E_stuck,failed,"The ""Wonderful: 9+"" filter was clicked but the page appears to have loaded a skeleton/placeholder state - the search results page is showing but with minimal content. The page seems to be loading or the filter click navi",,,,navigate,
Booking--30,5,E_stuck,failed,"Previous attempts to click the destination field kept hitting ""Skip to main content"". Need to find the correct index for the search input field.",,,,evaluate|wait,
Booking--36,28,E_stuck,failed,"The search was executed but the page is still on the Rome city page (booking.com/city/it/rome.html) showing results for 2 adults without proper date filtering. The occupancy change to 1 adult didn't persist. However, I c",,,,done,
Booking--40,7,E_stuck,failed,"Successfully clicked the ""Previous month"" button using JavaScript. The calendar is still showing June 2026 and July 2026, so I need to continue clicking previous month to get to March 2025 (15 months back).",Calendar on Jun/Jul 2026 after JS prev-month clicks,True,True,evaluate|wait,Same impossible past-date pattern (wanted Mar 2025).
Cambridge Dictionary--19,27,E_stuck,failed,The translator.js file is loaded but searches haven't found the translation provider in the visible portion. The page is 33.9 pages long and minified. Verdict: Still searching.,,,,evaluate,
Google Flights--37,25,E_stuck,failed,"Clicked ""Beijing, China"" from the dropdown suggestions. The page appears to have loaded the Google Flights homepage again with the form visible but the destination may not be set. Verdict: Uncertain - need to check state",,,,click,
Google Flights--41,14,E_stuck,failed,Found the Previous button exists in the calendar. Now I need to click it multiple times to navigate back to March 2025 (15 months back from June 2026).,"Calendar stuck on Jun/Jul 2026; Jun1-10 greyed; no ""<"" prev arrow",True,True,screenshot,IMPOSSIBLE past-date task (wanted Mar 2025). Date-picker cannot go before current month. Vision shows stuck calendar; cannot fix impossibility.
Google Flights--41,15,E_stuck,failed,Clicked the Previous button 15 times to navigate back from June 2026 to March 2025. Need to verify the current calendar month shown.,,,,evaluate|screenshot,
Google Flights--41,16,E_stuck,failed,"The screenshot shows the calendar is still on June/July 2026, not March 2025. The Previous button clicks did not navigate back as expected. Verdict: Failure",,,,evaluate,
Google Search--11,5,E_stuck,failed,Successfully navigated to FlightAware's main homepage. Verdict: Success,,,,navigate,
Huggingface--1,5,E_stuck,failed,Typed the prompt in the playground textarea. Need to verify the current state and submit the prompt.,"HF Playground, prompt typed, not submitted",True,False,click,Submit/send not registering - action problem.
Huggingface--1,7,E_stuck,failed,Clicked the send button to submit the prompt. Need to verify if the story was generated.,,,,click,
Huggingface--1,9,E_stuck,failed,Clicked the send button (index 13342) to submit the prompt. Need to verify if the story is being generated.,,,,click|send_keys,
BBC News--29,14,F_read_result,failed,"Scrolled down on BBC Audio page and searched for ""New Releases"" - 0 matches found again. The page sections visible are: The Interview, History, Sport, Explore by category. No ""New Releases"" section exists on this page.","BBC Audio page, featured ""Fame Under Fire"" podcast",True,True,scroll,"Vision read page correctly; but target ""New Releases"" section does not exist -> task failed (likely impossible/outdated)."
BBC News--29,16,F_read_result,failed,"Scrolled down on BBC Audio page. I can see the full page content now including sections: The Interview, History, Sport, Explore by category. No ""New Releases"" section found anywhere on the page.",Same BBC Audio page top content,True,True,done,Confirmed no New Releases section.
Wolfram Alpha--13,3,F_read_result,success,The extract action didn't capture the actual numerical results from Wolfram Alpha. The page may still be loading. Verdict: Uncertain,Wrong interpretation (measurement) rendered,True,True,click|input|click,Vision caught the misparse -> agent reformulated query.
Wolfram Alpha--13,5,F_read_result,success,"The new query was submitted and the page shows results sections. I can see ""Assuming"" options and result sections. Need to take a screenshot to see the actual values.","Rendered ""Result: $2514.25 (1980 US dollars)"" pod visible",True,True,click|input|click,GENUINE WIN: extract() missed Wolfram visual pod; screenshot read the number -> task SUCCESS. Read-rendered-output task.
Wolfram Alpha--13,7,F_read_result,success,Submitted the query for 1970 dollars. The page is loading with results sections visible. Need to take a screenshot to see the actual values.,"Rendered ""$1,184.54 (1970 US dollars)"" pod",True,True,done,Same win for 1970 value.
